name,url
056b813c61869a61,https://c5.staticflickr.com/4/3227/2467157966_6d0864685f_z.jpg?zz=1
7a773f52eb68c9ce,https://c6.staticflickr.com/6/5493/9082536950_04ef0a295a_z.jpg
c933a3f958b1a983,https://c4.staticflickr.com/4/3809/13540606903_9f866bc9a7_z.jpg
35e74b3828a6d54b,https://c7.staticflickr.com/3/2458/3593335373_302cfea9c6_z.jpg
411fbd8163dd7bc6,https://c4.staticflickr.com/6/5471/10803621494_abc499e446_z.jpg
ded6dd51d4dbebb6,https://c2.staticflickr.com/9/8504/8344425350_89e1d26323_z.jpg
74d942f25fd767c6,https://c8.staticflickr.com/9/8095/8456958148_aeeec1f89e_z.jpg
03dc0a5aef2c3a1b,https://c5.staticflickr.com/8/7453/9116708713_09e36ce0fa_z.jpg
53687372cae1d63f,https://c2.staticflickr.com/4/3945/15504456272_62f2ce85ea_z.jpg
661c1eda0b652645,https://c7.staticflickr.com/3/2368/2150960355_e6dce41c23_z.jpg
2478e7f1faa2c29c,https://c4.staticflickr.com/9/8456/7889408272_a4cfa91a39_z.jpg
baa8b10c853709a2,https://c2.staticflickr.com/1/475/20049659180_ed17b0d4c1_z.jpg
649f876d7274dc89,https://c7.staticflickr.com/9/8426/7815438202_d69e8f17e4_z.jpg
310b48bd8c98c431,https://c8.staticflickr.com/3/2541/4159351502_3aa98c662e_z.jpg?zz=1
6a17446df2fae7cc,https://c7.staticflickr.com/8/7413/13963607164_fa27bdcf09_z.jpg
4a14d325cb58d32e,https://c7.staticflickr.com/1/10/15574189_44735baed9_z.jpg?zz=1
14dcc652e8f3ebee,https://c6.staticflickr.com/4/3633/3491645624_3e3b4e678c_z.jpg
0e246a919794e744,https://c4.staticflickr.com/6/5133/5446498145_3d757cde8d_z.jpg
6443d784cfad8887,https://c3.staticflickr.com/8/7469/15856265096_97f271157f_z.jpg
9b61b73122e886ec,https://c2.staticflickr.com/4/3772/11857034653_2bf17fe1c4_z.jpg
05d64f071f635642,https://c5.staticflickr.com/9/8352/8398763747_e7a2c70ec0_z.jpg
8697f3d964ec0fba,https://c2.staticflickr.com/4/3869/14578436425_cb63defef6_z.jpg
b0263f54eecea020,https://c6.staticflickr.com/4/3788/19769289336_1bb83a427f_z.jpg
134b26b1313b958a,https://c7.staticflickr.com/9/8037/7934922336_91c96ca5e0_z.jpg
77f05873ca4ffb40,https://c8.staticflickr.com/7/6025/5949201644_ded09516ed_z.jpg
b2ad6b158a2c0505,https://c1.staticflickr.com/8/7291/11544195865_3b01d57e57_z.jpg
1bcf0f3421145760,https://c8.staticflickr.com/8/7275/6972157016_c12516be8c_z.jpg
2f31cf0c0d8c6ab9,https://c7.staticflickr.com/8/7144/6797539809_712649ec1a_z.jpg
12bfe0ef6ed127bc,https://c6.staticflickr.com/8/7558/15651646772_973aa43154_z.jpg
59c76ff58388079d,https://c7.staticflickr.com/9/8466/8128234837_ca05b6e3bf_z.jpg
b0832c07c54eb23c,https://c4.staticflickr.com/6/5774/21462473442_82df388ba3_z.jpg
855dc05c75b2af11,https://c2.staticflickr.com/4/3728/9052228443_179981e9c0_z.jpg
ee5e5e2140b0d997,https://c8.staticflickr.com/3/2276/1799562904_e08716cd9c_z.jpg
ef9721157330fc07,https://c8.staticflickr.com/9/8593/15834905918_5049a12288_z.jpg
130603d8157f71e2,https://c8.staticflickr.com/3/2797/4362220918_ac852390f5_z.jpg
11516b779be6dbdb,https://c3.staticflickr.com/7/6122/5995584568_45239a2cd7_z.jpg
88825ed449ce4180,https://c1.staticflickr.com/8/7363/9676445752_e56b353311_z.jpg
0c65c3305538e98d,https://c3.staticflickr.com/9/8224/8417673065_0beea07037_z.jpg
bbc55f1637c4465b,https://c8.staticflickr.com/1/757/20820592496_500d8290ed_z.jpg
1d65d88864056aab,https://c4.staticflickr.com/3/2156/2168835421_0cc21c0fa6_z.jpg?zz=1
51ee8208d6bc5497,https://c5.staticflickr.com/2/1394/5101068343_49012e6405_z.jpg
0685c887aef38aa8,https://c5.staticflickr.com/3/2820/9687976722_f99b3f5fb2_z.jpg
c4cebb5e85c51a37,https://c7.staticflickr.com/6/5488/10922305513_e7baf9a117_z.jpg
3894090206e41381,https://c8.staticflickr.com/9/8513/8356064766_ace7ea1f34_z.jpg
34702e6142cc1233,https://c7.staticflickr.com/2/1231/984815823_1d4509b047_z.jpg?zz=1
99aa8d01943479d5,https://c1.staticflickr.com/8/7410/10907450275_85c08c7526_z.jpg
e4b881ad6b86043b,https://c6.staticflickr.com/5/4002/4299762797_9f303876bd_z.jpg
09c30ae2f242a5bd,https://c4.staticflickr.com/5/4089/5024301024_225f76cf6a_z.jpg
08beea2ef15daad6,https://c3.staticflickr.com/8/7030/6725458411_94d2d2d543_z.jpg
b01a6198c4e352e9,https://c1.staticflickr.com/7/6021/5894082726_9509273480_z.jpg
4b0de3d3e55d4194,https://c4.staticflickr.com/9/8683/16730361765_a93274aff0_z.jpg
08cb274f8a409baf,https://c5.staticflickr.com/3/2611/3865528166_59dd4d6747_z.jpg?zz=1
93a15b5ccc2bb413,https://c2.staticflickr.com/6/5809/20544855741_a373eda263_z.jpg
43b21ea4cb36b229,https://c2.staticflickr.com/3/2228/2539341428_bdbb9c9756_z.jpg?zz=1
03be758375d90e2b,https://c1.staticflickr.com/1/26/38326848_58f493874e_z.jpg?zz=1
73cdd6edf2ff5e5d,https://c5.staticflickr.com/8/7357/9054460376_ca94a23e7e_z.jpg
bda052317a95c3c3,https://c5.staticflickr.com/3/2160/2083882578_61e6f7dfd8_z.jpg
2668ea27ba38a523,https://c2.staticflickr.com/6/5301/5564654547_5f2e5bf437_z.jpg
4bb09cb56e9ae023,https://c8.staticflickr.com/8/7371/9218336770_435bfa261e_z.jpg
00ee99239d3a6eac,https://c1.staticflickr.com/7/6233/6312957118_d1e5fd41f6_z.jpg
68378820c21e115e,https://c6.staticflickr.com/6/5291/5451402711_53ea381f53_z.jpg
6d05ca42ce558e29,https://c7.staticflickr.com/2/1128/943902596_b177ebe4fc_z.jpg?zz=1
5025697a0aaef2a9,https://c4.staticflickr.com/9/8156/6962162916_f834a99479_z.jpg
12e99b07c334d56a,https://c3.staticflickr.com/4/3285/2313935698_25fe38d214_z.jpg
5fdbcc08956dd422,https://c4.staticflickr.com/6/5348/9493072846_e468af1277_z.jpg
c221e90fb6504a34,https://c2.staticflickr.com/8/7795/17170072789_77fd0eb20c_z.jpg
cfa59539d4785307,https://c6.staticflickr.com/7/6165/6174105405_2d15a4c577_z.jpg
090efd6fecab4653,https://c4.staticflickr.com/8/7347/13961106539_cb81e2ae58_z.jpg
3fcb32bebd15265c,https://c3.staticflickr.com/8/7287/16777023732_5f7cd7c06c_z.jpg
13a56246aa392f0c,https://c1.staticflickr.com/9/8426/7717318130_371309880e_z.jpg
ecfc2547a206e6f9,https://c7.staticflickr.com/4/3803/11812738875_b48a90841f_z.jpg
aebfbee7d9de3ab0,https://c1.staticflickr.com/4/3932/15283189979_a01bd78e4b_z.jpg
6d7e634220575c79,https://c2.staticflickr.com/7/6004/5918046294_4efbf18aaf_z.jpg
4ee16d3d89768e69,https://c2.staticflickr.com/9/8364/8355003207_e0ac89db73_z.jpg
1af3c6fc6f9db4b5,https://c6.staticflickr.com/9/8732/17089856200_023d075e77_z.jpg
6defedbeff431de2,https://c3.staticflickr.com/9/8208/8287384731_d792be5e9e_z.jpg
e6565ccb42be56cc,https://c7.staticflickr.com/9/8093/8572508790_c886a7c90e_z.jpg
18feedbc4112968e,https://c1.staticflickr.com/4/3755/9039695746_f4c40b0bc5_z.jpg
65afc8d934522a8f,https://c5.staticflickr.com/9/8749/16897635718_1cc6356c62_z.jpg
537a55eda51a3f60,https://c2.staticflickr.com/5/4002/4319580035_8d37e24289_z.jpg?zz=1
f60db3830bcf37cf,https://c3.staticflickr.com/3/2848/10907914646_d56d2c0f87_z.jpg
974906b20c5c036a,https://c6.staticflickr.com/3/2867/13682791843_7d6174f3dc_z.jpg
d7add07b803430c8,https://c8.staticflickr.com/8/7174/6807818205_fc077ce6bc_z.jpg
4f65aea4b66bef41,https://c1.staticflickr.com/3/2922/14357768681_2c9aaaf020_z.jpg
a5aa23424dba22ab,https://c5.staticflickr.com/6/5544/11661242815_1cdf4e0c0f_z.jpg
130a2f2ffaad7243,https://c2.staticflickr.com/4/3015/2988443661_b51dd450eb_z.jpg
cdb32c2fcbac1bf2,https://c5.staticflickr.com/3/2933/13952012247_b742db9195_z.jpg
193c5f0452ea8645,https://c6.staticflickr.com/5/4127/5090915536_ee64c360d2_z.jpg
86997c006c3f1d71,https://c8.staticflickr.com/4/3347/3536129634_6f2fed6aa4_z.jpg
4d713a0851a01303,https://c6.staticflickr.com/9/8010/6984018944_dae215790b_z.jpg
40ecc39fb8b02642,https://c4.staticflickr.com/9/8497/8344424762_db0fdc4712_z.jpg
bb28142e4ff04956,https://c5.staticflickr.com/4/3840/14172992117_9881dca9e3_z.jpg
7f39690c2fe2da19,https://c8.staticflickr.com/8/7444/9054457032_33740f8b24_z.jpg
0239fcbbc037e88f,https://c4.staticflickr.com/8/7380/12940896035_07dc548360_z.jpg
176074a57e114305,https://c4.staticflickr.com/1/2/2053528_cdaecc0f5c_z.jpg?zz=1
458e3cdff788ebe3,https://c1.staticflickr.com/1/6/7090326_f1e8f9f125_z.jpg
3cdd7eb2bd141244,https://c5.staticflickr.com/4/3088/3247906210_48fd6c82b1_z.jpg?zz=1
58758fedf6db5d1a,https://c1.staticflickr.com/9/8638/16523970952_154ccef6f5_z.jpg
3279ffb060fc7cc1,https://c4.staticflickr.com/7/6185/6082033872_8479ec5017_z.jpg
59732f6cd221fd1c,https://c7.staticflickr.com/8/7339/11687819966_b4078b27bd_z.jpg
296b435a6d454b6a,https://c8.staticflickr.com/4/3830/12224021004_0202db35fa_z.jpg
06219de0e5cff202,https://c7.staticflickr.com/3/2370/5824174765_9a099a7c3c_z.jpg
d3dcd54724384c8a,https://c1.staticflickr.com/6/5817/21291975581_ca3d5b6afd_z.jpg
0dfb28f43cd622b6,https://c4.staticflickr.com/6/5132/5509963601_63bac523b6_z.jpg
279d48bc2d52dea8,https://c7.staticflickr.com/2/1209/526344247_91df5e69e8_z.jpg?zz=1
34ef1596db45f864,https://c8.staticflickr.com/4/3955/15645206102_8e60083dc6_z.jpg
98d531105e6ca147,https://c8.staticflickr.com/4/3730/9052154805_982a9e9bce_z.jpg
125be57938ac3ea8,https://c6.staticflickr.com/4/3674/10803491845_3faedb8bea_z.jpg
021952959a0c45e4,https://c7.staticflickr.com/6/5575/14678975470_4552d12413_z.jpg
5a92c9adc049c6c7,https://c6.staticflickr.com/9/8735/17215463512_434632ea76_z.jpg
861845ab9604d941,https://c4.staticflickr.com/4/3953/15023624284_7258edfd0d_z.jpg
22dfb3e44c3b8f47,https://c2.staticflickr.com/9/8219/8297627798_b1b3e32918_z.jpg
05c608b40ab3b7c5,https://c6.staticflickr.com/8/7278/7791557624_01b5b3e51c_z.jpg
6e4083f3a92ef437,https://c6.staticflickr.com/8/7408/16277279459_6175c1b947_z.jpg
350855bc1fed1aae,https://c6.staticflickr.com/3/2257/2474502319_6b1daca2c9_z.jpg?zz=1
7d59ecf640c7a642,https://c1.staticflickr.com/2/1125/1229586523_77a9748908_z.jpg?zz=1
7563d2fb93167603,https://c3.staticflickr.com/4/3884/14431112676_a98ed43d3f_z.jpg
0275c326c788acd8,https://c5.staticflickr.com/6/5491/9309996555_fc2dd6bc53_z.jpg
1523acdab3e2a3ab,https://c2.staticflickr.com/7/6166/6197851139_c2e880d06b_z.jpg
02e2366741a63a6b,https://c4.staticflickr.com/9/8037/8039266628_21d81af018_z.jpg
2c34f6992ee51efb,https://c8.staticflickr.com/4/3668/11472179944_15a7129637_z.jpg
9c48600d8efd5898,https://c7.staticflickr.com/3/2887/9622612258_530edfc7d0_z.jpg
1cf001dba99976bd,https://c6.staticflickr.com/6/5567/14715684721_47cb238919_z.jpg
0f78162c042bb8c5,https://c6.staticflickr.com/8/7285/16688199198_0f38bffcc2_z.jpg
350c3ef13ae2131c,https://c7.staticflickr.com/1/215/485948264_2d59b5f3af_z.jpg
720aa4e9efa95657,https://c2.staticflickr.com/4/3242/3047070467_d7890d55da_z.jpg
5a6034ab1ea937f8,https://c2.staticflickr.com/9/8297/7804795710_695b432c4f_z.jpg
b6bfdf01fab0479e,https://c2.staticflickr.com/1/107/258524839_bd86b95e37_z.jpg?zz=1
ffe5f835bb62fed4,https://c3.staticflickr.com/6/5219/5533414164_18a97485ab_z.jpg
bc9322dbee91c703,https://c3.staticflickr.com/5/4027/4464016689_9fe9fbf418_z.jpg
46e52a4eb57144ce,https://c6.staticflickr.com/4/3126/3216852236_8305275da0_z.jpg
9cbcbf580a5130ca,https://c5.staticflickr.com/3/2943/15261802528_8d5f59b636_z.jpg
400a89961332a883,https://c1.staticflickr.com/3/2230/2328351184_3ac545bf1d_z.jpg?zz=1
fe34e2a6d1b58606,https://c5.staticflickr.com/3/2692/5806268459_ecab14f8ae_z.jpg
ee7578047950185c,https://c8.staticflickr.com/4/3949/14965373484_aaba7597fa_z.jpg
8e95f91e34adaae2,https://c2.staticflickr.com/9/8465/8135862689_1b8f9197a6_z.jpg
32d359e406a47767,https://c5.staticflickr.com/6/5709/20495007024_a0be73e999_z.jpg
011f3d4ce70f1ba4,https://c1.staticflickr.com/6/5290/5271964509_f089e967b4_z.jpg
118f384f2e23ccd8,https://c5.staticflickr.com/3/2670/5848160482_fab0a16a12_z.jpg
e961a8c682a9a875,https://c7.staticflickr.com/4/3676/11256707533_fa735fe608_z.jpg
bd2bb5a55cafdf34,https://c6.staticflickr.com/7/6082/6056275516_9de9ccf56d_z.jpg
7b6800160dc8a999,https://c5.staticflickr.com/8/7431/13220556274_70434665e9_z.jpg
0ae7a03e6ab0daa7,https://c8.staticflickr.com/8/7569/15682499599_3d07f64548_z.jpg
2b0343fb67ce626f,https://c3.staticflickr.com/3/2163/4512108556_beed5cc8d7_z.jpg
05a8101e321c4b17,https://c2.staticflickr.com/9/8384/8645942043_506c303939_z.jpg
8fc60b3ae7e03ba0,https://c2.staticflickr.com/6/5345/9822540544_d85dfd4345_z.jpg
011025d650bc1a7e,https://c8.staticflickr.com/5/4037/4625438190_db47eb9233_z.jpg
17511deb210896aa,https://c2.staticflickr.com/8/7545/15314833163_9419006949_z.jpg
6aa8feef061ac824,https://c1.staticflickr.com/6/5104/5626851008_a2d23e3013_z.jpg
3e63625f8846cb61,https://c3.staticflickr.com/1/48/191480455_f31319cc63_z.jpg
1742e17da4050968,https://c3.staticflickr.com/1/266/18085207964_e9d8cd060e_z.jpg
044e97f77ee94870,https://c2.staticflickr.com/1/440/18710068501_579b37eb8a_z.jpg
4664809412d50621,https://c6.staticflickr.com/4/3139/2295519036_4b8a88edf3_z.jpg
480c1aa1ccf7052f,https://c7.staticflickr.com/6/5023/5678259049_9557cb81c8_z.jpg
62cea4a89e40a777,https://c5.staticflickr.com/5/4149/5090320559_8aa60bea3c_z.jpg
af560f425938028d,https://c7.staticflickr.com/6/5206/5361206960_ac4398b859_z.jpg
d8df5f08b9a8d277,https://c1.staticflickr.com/9/8479/8157287511_d3d83e8b3a_z.jpg
d81accf414e42bae,https://c4.staticflickr.com/8/7022/6805179075_2730fe68a5_z.jpg
5e183de6621ddec1,https://c8.staticflickr.com/4/3951/15586159155_89919e64b6_z.jpg
6ca2fd5432e30449,https://c7.staticflickr.com/7/6045/5909443751_7bbbdfa79f_z.jpg
4aabc0003488c25e,https://c4.staticflickr.com/1/6/7376391_45772871f4_z.jpg?zz=1
0a0c79471426c36e,https://c5.staticflickr.com/9/8686/16969536615_1296f074a7_z.jpg
25296f13825b4504,https://c5.staticflickr.com/4/3928/15274930370_5921057dcd_z.jpg
6aa8ae005a70ef30,https://c3.staticflickr.com/8/7426/12826378864_6f2187ac7b_z.jpg
4750148ea9616901,https://c5.staticflickr.com/3/2836/10123143426_9f697613f3_z.jpg
4f637eaef91a2e4c,https://c1.staticflickr.com/9/8332/8075535234_b6b1e06d4a_z.jpg
200e54d7852a87c5,https://c8.staticflickr.com/8/7635/16962472736_ef33c5b2fa_z.jpg
fe7873b9f297b123,https://c6.staticflickr.com/6/5528/10404129313_1edd68cd1a_z.jpg
af4462d176b72a53,https://c2.staticflickr.com/8/7439/16345644966_f80ffb92c0_z.jpg
49240eaae0fd1cd9,https://c1.staticflickr.com/5/4021/4355322100_8100527770_z.jpg
cd697cc4b2280881,https://c3.staticflickr.com/6/5650/20529530622_bc480775d9_z.jpg
5892432ce2cd1ffe,https://c4.staticflickr.com/6/5612/15587512322_f0489d50ac_z.jpg
0e628afcea1f378c,https://c2.staticflickr.com/8/7206/6776686092_b23a4cecbc_z.jpg
096f36d92dd5cbdc,https://c8.staticflickr.com/6/5094/5532832075_e4f71d1076_z.jpg
a8065a5a8b7f58a6,https://c8.staticflickr.com/4/3640/3463459173_b6190f74a9_z.jpg
30da3a1caf4e19a7,https://c2.staticflickr.com/4/3819/20063709515_a9894d8020_z.jpg
cba4e0bb731da62a,https://c5.staticflickr.com/5/4063/4439285390_52a986c899_z.jpg
8f6b748f5ae14e11,https://c1.staticflickr.com/1/32/47773192_202f7155c6_z.jpg?zz=1
0164db33f07e9a25,https://c4.staticflickr.com/7/6096/6270038343_6d116dfe69_z.jpg
43d657296f40f2ec,https://c5.staticflickr.com/3/2822/9673217735_ffbeb54ba9_z.jpg
660a42492352bde7,https://c1.staticflickr.com/6/5135/5502738352_560f292ce2_z.jpg
dcae6642c584c266,https://c4.staticflickr.com/7/6086/6066103213_0b2a0470c5_z.jpg
c169b7dce444ec63,https://c6.staticflickr.com/8/7608/17262527661_95df02856c_z.jpg
1a3ec6360e8268ec,https://c6.staticflickr.com/9/8241/8519344101_1e275353ef_z.jpg
c4ece38c746b0838,https://c6.staticflickr.com/3/2949/15448122852_74e43c3c13_z.jpg
75f54cbd5585907a,https://c4.staticflickr.com/6/5815/20512173946_0c95af7bb6_z.jpg
cd0a39a47980b327,https://c7.staticflickr.com/8/7043/7130233423_298976b039_z.jpg
b7f67bf108faf196,https://c4.staticflickr.com/8/7266/7664313696_def94c4b88_z.jpg
5c52142dbcda1eae,https://c7.staticflickr.com/8/7780/18235006071_cf13ee5ca9_z.jpg
da989141587b7302,https://c6.staticflickr.com/5/4149/4950193349_4b1b1cac50_z.jpg
10222899d3b55aba,https://c5.staticflickr.com/3/2446/3715954174_6d7cc3994a_z.jpg
bce4a6edbc3ea3a3,https://c1.staticflickr.com/9/8151/6986787812_3aa39f1eb2_z.jpg
852755a7b28709e5,https://c6.staticflickr.com/3/2849/12097493966_4abaaf1da1_z.jpg
87de30e93f08a736,https://c5.staticflickr.com/8/7396/16332395880_f17f5de9b9_z.jpg
506ff79be7b32336,https://c7.staticflickr.com/3/2892/12127371293_713b7178b2_z.jpg
38adae21b0c6a4db,https://c7.staticflickr.com/6/5650/19917510953_7b0111b813_z.jpg
f9dd1017399d2851,https://c6.staticflickr.com/1/504/19501903229_51055cebb9_z.jpg
e2ee826f7c0f3db9,https://c1.staticflickr.com/8/7202/7107941347_69e9f77eb5_z.jpg
55fdfef921af08ed,https://c8.staticflickr.com/3/2792/4335102252_6e2f753f19_z.jpg
44eaeb715a7c9e91,https://c8.staticflickr.com/3/2497/4066872653_6ed8e1dd5b_z.jpg
a0d5664953d6ce04,https://c3.staticflickr.com/7/6002/5997808598_0b9974b0a5_z.jpg
f3026a0a0a078d18,https://c4.staticflickr.com/3/2749/5715897793_3509c07e8f_z.jpg
e0cfbb29d5153aa3,https://c6.staticflickr.com/8/7106/7118331637_71d208f29a_z.jpg
638abd4677c3af6a,https://c2.staticflickr.com/2/1092/554386423_80e3905eaa_z.jpg
ee0e3ba2f48e17df,https://c6.staticflickr.com/5/4145/4843799380_52cf0c29bc_z.jpg
190ab585fd379f0f,https://c6.staticflickr.com/6/5657/20736752689_2e1489974a_z.jpg
97489bb9f78701f9,https://c7.staticflickr.com/4/3480/3203259219_5cedbd7456_z.jpg?zz=1
a8d1a5505a0cae7d,https://c1.staticflickr.com/6/5321/17274430003_3dcc250316_z.jpg
072ea59981b46408,https://c1.staticflickr.com/3/2938/13998088786_80a44f0aca_z.jpg
0f1067947c6e1e45,https://c3.staticflickr.com/4/3349/4622348797_6f2e673e84_z.jpg
299b9a9d6bc38804,https://c3.staticflickr.com/8/7039/6958880785_763676a4c7_z.jpg
1c95111e61db377f,https://c5.staticflickr.com/8/7065/6962972613_7e1759a619_z.jpg
2404e693ad86a020,https://c2.staticflickr.com/3/2035/5824173499_91b99c56d4_z.jpg
ed710df9a5fdbbcb,https://c8.staticflickr.com/1/30/50711608_40a57d2091_z.jpg
04804a8292041591,https://c7.staticflickr.com/1/378/19284903806_ebd96c37cf_z.jpg
1d4d2df713402142,https://c5.staticflickr.com/5/4139/4775058222_472834157f_z.jpg
94bedca1bbdc5ea4,https://c2.staticflickr.com/9/8514/8512385034_c0d938bfc7_z.jpg
211f707734773f81,https://c1.staticflickr.com/4/3903/14391433877_680b301c56_z.jpg
4a4872fc8c3fe24f,https://c4.staticflickr.com/6/5574/14679018737_c77779a3c7_z.jpg
8035c7f92a1fe4fe,https://c7.staticflickr.com/6/5475/11662021426_177909dd81_z.jpg
03c9ab79ddea2490,https://c3.staticflickr.com/7/6001/5995934832_c0f8faa139_z.jpg
023db2a4ae112cb5,https://c2.staticflickr.com/1/346/20394317761_22b45e5278_z.jpg
06f0216546b7956a,https://c8.staticflickr.com/9/8636/16689450192_6aba8dd8d5_z.jpg
0b3bc34ebebd30a5,https://c3.staticflickr.com/2/1393/572093786_8a86d7bb5f_z.jpg
6a4bd38bfce665a2,https://c1.staticflickr.com/4/3796/12826031583_55d24283d3_z.jpg
713ffc55154291a2,https://c8.staticflickr.com/4/3772/13206086485_27500e0e73_z.jpg
4a73a1d16a2d9d14,https://c1.staticflickr.com/5/4135/4736290037_6f2d465b97_z.jpg
9580ad301ffb5fea,https://c3.staticflickr.com/8/7119/7653935346_2999ce9a82_z.jpg
0531a8bf4e92d57c,https://c3.staticflickr.com/7/6098/6345542125_e47e43871d_z.jpg
5afcf23a315838fa,https://c4.staticflickr.com/9/8685/16158171843_aa54925b6d_z.jpg
244590524230dfb6,https://c5.staticflickr.com/9/8285/7658873952_7a99e70b80_z.jpg
0674264e031a86a5,https://c8.staticflickr.com/3/2021/2495746681_e7a5ef0290_z.jpg?zz=1
fb4ba08f0ce9e088,https://c3.staticflickr.com/8/7255/6972253940_d16027d30e_z.jpg
477b449273dffd04,https://c5.staticflickr.com/8/7151/6605909467_c3b99be9c8_z.jpg
64aa3264d647dc20,https://c5.staticflickr.com/5/4040/4322296230_1fd637c871_z.jpg
77304ca32474acfa,https://c5.staticflickr.com/5/4039/4674402316_302b831ca7_z.jpg
9b39bb0d4a885f11,https://c8.staticflickr.com/1/181/410951773_c528d98fe4_z.jpg
222c5f96a5263384,https://c4.staticflickr.com/9/8716/16185449823_cc473a33e7_z.jpg
5604b2f6a36c9202,https://c8.staticflickr.com/8/7379/10925575794_b3023e3cf4_z.jpg
364b6f7f8eec64ba,https://c7.staticflickr.com/4/3124/2638925726_e9c8967db7_z.jpg
0d1a4fb03b2b6579,https://c6.staticflickr.com/8/7250/7714499244_6428190997_z.jpg
8dc88a040ca64e54,https://c1.staticflickr.com/6/5536/12305970256_e3e27e6281_z.jpg
c829709d4b93f56b,https://c4.staticflickr.com/5/4072/4681121091_6d3c1de338_z.jpg
2e0a701f798cb7eb,https://c7.staticflickr.com/7/6122/5983775200_a59f009960_z.jpg
7421e2fdd64ee7e5,https://c5.staticflickr.com/1/181/448389996_f04548103c_z.jpg
2cf2d7ba3ea83547,https://c3.staticflickr.com/6/5577/15208617116_b0e3f22b68_z.jpg
e4d8a51643e4dcbe,https://c5.staticflickr.com/1/169/477186036_7f4d60c067_z.jpg
20349942780f7ffc,https://c1.staticflickr.com/4/3897/14376908962_149bf84f5c_z.jpg
5e9cea08a3b154fb,https://c3.staticflickr.com/9/8116/8703457875_bfbe9bf92f_z.jpg
8d72fcb3510e5db3,https://c4.staticflickr.com/5/4124/5062050174_68bff3e3c9_z.jpg
97357c7679f30ef6,https://c1.staticflickr.com/6/5256/5539777265_d3fa4d16dd_z.jpg
976f3c52656eacf0,https://c1.staticflickr.com/8/7647/16997032931_7f25280392_z.jpg
20e7f98da22c5b78,https://c4.staticflickr.com/3/2835/11698799555_95215fd608_z.jpg
36a55a988a6ee3db,https://c2.staticflickr.com/6/5554/14703414536_d94cd811ee_z.jpg
0f02a510994eec13,https://c6.staticflickr.com/4/3746/9002511832_44a9a596bf_z.jpg
41b81a0d2b7bdaf8,https://c7.staticflickr.com/9/8274/8703456571_705a0eeab9_z.jpg
02f89247f8010acc,https://c8.staticflickr.com/4/3924/14553451016_416ddff56e_z.jpg
2d9218ebde40b755,https://c5.staticflickr.com/3/2914/14713474594_a1b13eae3f_z.jpg
e7f97d90a36c1db7,https://c3.staticflickr.com/3/2870/12826028223_2227d4a6e8_z.jpg
876b097987728164,https://c4.staticflickr.com/4/3090/4561667437_109a8ed061_z.jpg
4eb8d21440389170,https://c6.staticflickr.com/4/3786/20379570692_38a26b0fdb_z.jpg
1e8bb5652e7b99fe,https://c2.staticflickr.com/4/3665/11559804854_ed26cbf9e6_z.jpg
a9089432d8c35adb,https://c1.staticflickr.com/8/7788/18391223355_512b1c281a_z.jpg
96858f61579e8bdb,https://c3.staticflickr.com/4/3939/15750863291_0497d988b3_z.jpg
27ded01c752f8933,https://c2.staticflickr.com/4/3303/3480318810_261ef2be2c_z.jpg?zz=1
9c9170ba1527e222,https://c1.staticflickr.com/6/5320/5805941779_5d35ef5dd7_z.jpg
b96d2dfdb3aed846,https://c8.staticflickr.com/6/5083/5376036710_ca98a6926c_z.jpg
8279cb121e901896,https://c4.staticflickr.com/6/5266/5671245860_a70c120986_z.jpg
22e43e6c5e096351,https://c3.staticflickr.com/6/5734/20538433025_891f4c644a_z.jpg
0a4d409bfb8e284b,https://c6.staticflickr.com/8/7038/6983891386_680894833c_z.jpg
90d23ac76baf6c35,https://c6.staticflickr.com/8/7576/16196590082_5b8b608ebb_z.jpg
2fcaede54dee8b7c,https://c6.staticflickr.com/9/8493/8343366345_76fc469529_z.jpg
0deb2ede30860019,https://c5.staticflickr.com/8/7153/6807818649_b04278fdf3_z.jpg
9b077f520c12dedb,https://c7.staticflickr.com/3/2575/3687897636_7aabebc865_z.jpg
196f216dfab2b1cc,https://c7.staticflickr.com/1/204/478769109_a69334947b_z.jpg?zz=1
1c13e53bf6245f17,https://c5.staticflickr.com/4/3781/10758931115_1352c6f981_z.jpg
b5c6ed3a56eb38c1,https://c1.staticflickr.com/5/4074/4939236667_4fb86c7d55_z.jpg
a87ad8307d7af548,https://c5.staticflickr.com/8/7524/15372141943_78c63c2f5f_z.jpg
005f69fddbf9d8ef,https://c8.staticflickr.com/4/3176/2960013594_a90bf409f1_z.jpg
2a95746942670999,https://c6.staticflickr.com/1/464/18675401013_4ae42a9352_z.jpg
131125a01783fe0a,https://c7.staticflickr.com/4/3451/5770390768_e3e4732203_z.jpg
011fe4d8b7dc30e7,https://c8.staticflickr.com/8/7114/7429944888_3c16bdd43c_z.jpg
205b63993d25ef7a,https://c8.staticflickr.com/8/7246/7672581948_1a38fe4475_z.jpg
9f22f53ea3be2287,https://c1.staticflickr.com/6/5613/15447175656_7505d5b5eb_z.jpg
d69ca12742c1184c,https://c7.staticflickr.com/4/3259/2431974828_dc504ab440_z.jpg?zz=1
f72c324c96106eb5,https://c7.staticflickr.com/1/310/19438045753_f892210ac3_z.jpg
014b189e3b1221d8,https://c3.staticflickr.com/1/175/487287606_24d61fd6da_z.jpg?zz=1
01821eefe297227b,https://c6.staticflickr.com/1/272/18550815539_d81d4192fe_z.jpg
08b4443cc5b6f005,https://c6.staticflickr.com/3/2703/4176343345_6f460e7c4f_z.jpg
609fa3f89e7dfa2e,https://c3.staticflickr.com/1/105/306850741_570b8cd43a_z.jpg
938e973ab33467e1,https://c2.staticflickr.com/1/489/19559015195_3e83725729_z.jpg
26645002fe839846,https://c3.staticflickr.com/3/2913/14577082942_af19aa39f0_z.jpg
e20c92128158fb94,https://c2.staticflickr.com/9/8320/8071571890_628bcae4a3_z.jpg
0d508ea8f1022783,https://c1.staticflickr.com/8/7016/6601603885_78d57d8b76_z.jpg
36b3752a0906d3c0,https://c4.staticflickr.com/3/2875/13307358654_41bf4d6019_z.jpg
568fbe344ce7b487,https://c2.staticflickr.com/3/2924/13936351193_05df2e4cd4_z.jpg
4bd2d554d5217254,https://c5.staticflickr.com/6/5055/5564652785_1a31686662_z.jpg
e08e89e98881f0d7,https://c5.staticflickr.com/9/8259/8981196650_e0b859e5ea_z.jpg
863fabde118640a3,https://c7.staticflickr.com/4/3701/12394562483_62f00d18b2_z.jpg
cdfa116dd79c77cd,https://c3.staticflickr.com/2/1151/1317486458_5cf0de9f7d_z.jpg?zz=1
44cd75893ed017ed,https://c6.staticflickr.com/4/3800/9690924221_6a6b30520f_z.jpg
9ebab844d55d1e70,https://c8.staticflickr.com/8/7573/15743438412_b5fc2a4e11_z.jpg
ba7213c5acbf511c,https://c1.staticflickr.com/6/5453/17859141361_f794a18d8b_z.jpg
1bd36942276a4e53,https://c4.staticflickr.com/8/7552/15725889784_5eb9cb2ab1_z.jpg
0caee8848cd5a3ae,https://c7.staticflickr.com/4/3824/14313308294_f54f6e394a_z.jpg
05478acc3c82505e,https://c5.staticflickr.com/6/5021/5652159906_dd4a43a98f_z.jpg
633034c2b1e69e8a,https://c7.staticflickr.com/4/3551/3405872979_15ac979db3_z.jpg?zz=1
1d12f1f6ddf435d7,https://c6.staticflickr.com/6/5600/15024242193_a5424b50ed_z.jpg
937c460ea1084c7e,https://c1.staticflickr.com/8/7606/16849759505_423675fd57_z.jpg
17b5cb3f10483171,https://c8.staticflickr.com/8/7223/7352626964_4caa746a0d_z.jpg
a2c4526eedc1faca,https://c1.staticflickr.com/3/2408/2443068027_bcc7a236b8_z.jpg?zz=1
e2af698ca5cfd78d,https://c3.staticflickr.com/4/3859/14572240032_eeb63a3195_z.jpg
45e3fb3b4d755f22,https://c8.staticflickr.com/9/8645/16557389819_1e3e6849e7_z.jpg
9f9c81a7287f4126,https://c8.staticflickr.com/8/7251/13683104704_73c333511b_z.jpg
0f50196518ca686d,https://c2.staticflickr.com/8/7473/15717662363_34d3e77587_z.jpg
5eb6bf35d4a5f3a6,https://c7.staticflickr.com/3/2587/4166223064_de53ccab2f_z.jpg
f3323d1fa040a1ac,https://c6.staticflickr.com/9/8222/8330804523_40b566ff74_z.jpg
0e130646b018e2e5,https://c4.staticflickr.com/6/5662/20351713229_8a01e34bac_z.jpg
138dc1cb147b5285,https://c8.staticflickr.com/9/8157/7429937320_ccf12b612e_z.jpg
ef67249da95bd8ab,https://c8.staticflickr.com/4/3099/3365242737_f6926d71b7_z.jpg
11583144bae2d505,https://c3.staticflickr.com/3/2590/3938248052_5b5823e58f_z.jpg?zz=1
de4ccd5eda06cf01,https://c3.staticflickr.com/4/3701/12223466643_954a8932da_z.jpg
9f9c815f471c5105,https://c7.staticflickr.com/6/5171/5438093675_1b54c8e41d_z.jpg
bc8abef22dee9858,https://c7.staticflickr.com/8/7340/9996311324_4f5455be84_z.jpg
4857d63c610b8d29,https://c6.staticflickr.com/9/8431/7658882584_f149c182ef_z.jpg
2fdd873a5be897d3,https://c8.staticflickr.com/8/7589/16900046040_04fe5423d9_z.jpg
0373645fd3c1aa38,https://c4.staticflickr.com/4/3698/12941312104_04333a5f0b_z.jpg
fe007bc26d0281de,https://c8.staticflickr.com/8/7273/7040677701_25e1ed80d9_z.jpg
6b68fc10e440a1a8,https://c3.staticflickr.com/6/5179/5506904713_3d7f6a93fe_z.jpg
124741139672663e,https://c4.staticflickr.com/8/7370/9118707560_731066944f_z.jpg
11a64782fd7610e5,https://c3.staticflickr.com/6/5519/11025189896_c870a28782_z.jpg
12c7a9b4efea30ff,https://c3.staticflickr.com/6/5135/5562681083_a8ffc9a0aa_z.jpg
335e27d7cb996a4b,https://c4.staticflickr.com/8/7322/10925442014_65591d87a4_z.jpg
634e56d0c0699913,https://c1.staticflickr.com/1/1/300080_c1afa72dab_z.jpg?zz=1
0c73b8337910b80f,https://c6.staticflickr.com/3/2446/3982507701_3370e62a6b_z.jpg
5dc659a99eb0e4c6,https://c8.staticflickr.com/4/3305/3417084961_c80ba7a568_z.jpg
4c2ef0b510921c75,https://c8.staticflickr.com/9/8133/8997800209_07dbd89204_z.jpg
271956f8a2a3c776,https://c2.staticflickr.com/2/1084/823304829_03f68e1c72_z.jpg
3bd95039825176ba,https://c7.staticflickr.com/8/7067/6813672100_5f6baec016_z.jpg
1538ae44c84baa4f,https://c1.staticflickr.com/3/2595/3753635896_e1c632366f_z.jpg?zz=1
6c35d4ebad4e536c,https://c2.staticflickr.com/4/3743/11086783454_10af3f6953_z.jpg
e34c3b47ec8d7ad5,https://c1.staticflickr.com/6/5467/8764130876_b09c4fda07_z.jpg
116020de6fd51877,https://c6.staticflickr.com/5/4133/5165868009_342bde84ce_z.jpg
314538a633c0ab92,https://c8.staticflickr.com/9/8313/7984202628_cefd396780_z.jpg
095867af8971e523,https://c3.staticflickr.com/9/8157/7467159500_cf0015b521_z.jpg
b38b38a81edec9e2,https://c8.staticflickr.com/9/8805/17426224995_dd08a10e94_z.jpg
0f5725e65cc11eeb,https://c8.staticflickr.com/4/3935/15264267017_8d5201d577_z.jpg
b0a4dbe42c96f5ea,https://c2.staticflickr.com/9/8139/8764130602_bd958a820c_z.jpg
343c59de225b92e7,https://c1.staticflickr.com/3/2475/3926739165_bf6ba0e502_z.jpg
128e3aefdb31bc1a,https://c8.staticflickr.com/1/586/22497494586_19e864b899_z.jpg
f1167edc32c35aab,https://c4.staticflickr.com/3/2888/10803687253_6836cc215b_z.jpg
018d3b8f75ec8e49,https://c6.staticflickr.com/2/1045/5148936877_124ebcc312_z.jpg
e510a75828ae4805,https://c7.staticflickr.com/6/5683/20350418928_254c4ce320_z.jpg
36ee112ae978e163,https://c6.staticflickr.com/6/5030/5676161821_34117cf105_z.jpg
81d31df20ce4478b,https://c8.staticflickr.com/2/1128/1311565966_dd05c99fcc_z.jpg?zz=1
32334778b5e91377,https://c8.staticflickr.com/8/7137/7461574220_c1e6e3820a_z.jpg
4d840fc5612ba76d,https://c1.staticflickr.com/2/1216/768595382_c23b0fc963_z.jpg?zz=1
5feea38a2ccebf50,https://c7.staticflickr.com/1/312/19572408020_5938986ff0_z.jpg
eed31ce0fd35f3e3,https://c8.staticflickr.com/8/7354/15803217923_023ef8f7d1_z.jpg
4054ecaefb849eb2,https://c8.staticflickr.com/2/1292/929963777_a363a7c971_z.jpg?zz=1
64cd5d6143c24821,https://c8.staticflickr.com/1/7/6769969_519add09ef_z.jpg?zz=1
4803d1c891e96496,https://c1.staticflickr.com/4/3128/3107349349_3ee052429d_z.jpg?zz=1
35f7bd164522b52b,https://c5.staticflickr.com/9/8423/7707878910_53df2d436b_z.jpg
aa3151d9c7001328,https://c1.staticflickr.com/6/5594/15313103152_542a0dc4b0_z.jpg
53785c82c332835b,https://c6.staticflickr.com/8/7156/6771342125_78019ec9f6_z.jpg
52c9495cf773705c,https://c8.staticflickr.com/6/5553/15213685451_43086ae5b6_z.jpg
b1ed3b104d8e4275,https://c4.staticflickr.com/4/3784/9054378236_44f18498b4_z.jpg
1e57cf26a7547f55,https://c3.staticflickr.com/4/3563/3488004095_abdc60d8b2_z.jpg
a217dc092cf9e321,https://c7.staticflickr.com/4/3953/14963654103_89d9041837_z.jpg
047f8d804f5bf819,https://c7.staticflickr.com/6/5169/5241266716_8cbd4e9725_z.jpg
40fdf525cda1e530,https://c3.staticflickr.com/1/175/365034105_01e5b5b97e_z.jpg
6e907a08ac3e8366,https://c7.staticflickr.com/5/4009/4473351962_5638202dcc_z.jpg
37b46a6eb1327ab5,https://c7.staticflickr.com/2/1194/1464549139_28f93578ec_z.jpg?zz=1
175f8596de078dd9,https://c8.staticflickr.com/6/5496/10901286553_5772bd9caf_z.jpg
a48b1cc0ae801835,https://c3.staticflickr.com/5/4108/5032904749_098c97c647_z.jpg
54b7ed6e9f052614,https://c4.staticflickr.com/6/5264/5627365044_b5fcfbe2c5_z.jpg
dccbb7d4cb9cc7c7,https://c8.staticflickr.com/3/2577/4125731996_aa51ddfb31_z.jpg
ac2032948dddc0e2,https://c3.staticflickr.com/7/6032/6357324429_e4a00934e3_z.jpg
48d83e2c2bd8e222,https://c2.staticflickr.com/8/7447/9925403046_7e661f6040_z.jpg
cdf2c23efccdf466,https://c8.staticflickr.com/3/2354/2382278745_bc32570d68_z.jpg?zz=1
371062cfe98dfb8a,https://c5.staticflickr.com/9/8586/16642448357_92545c4af3_z.jpg
ad322eea0f32589b,https://c4.staticflickr.com/6/5691/20512182156_954e6c7c70_z.jpg
7ddab977ede4271a,https://c4.staticflickr.com/8/7380/9052149471_5a24d040fc_z.jpg
206e73a6cdc1d39b,https://c7.staticflickr.com/7/6111/6345113097_584c3f893d_z.jpg
3d51c02b151ac7f4,https://c5.staticflickr.com/9/8526/8519352983_d949845cef_z.jpg
56446c474989f823,https://c7.staticflickr.com/9/8029/8041836145_2bd5ef8f49_z.jpg
f68600653cbe75c9,https://c6.staticflickr.com/8/7379/13952025499_5edbfd6811_z.jpg
3b206728d48faa53,https://c2.staticflickr.com/3/2714/4439099522_2fc61405d3_z.jpg
87785ee00e72e413,https://c5.staticflickr.com/4/3291/2697115779_e16dc60bac_z.jpg
0954e99395c8f0ca,https://c4.staticflickr.com/9/8268/8703955219_5cc3ce63d2_z.jpg
5c7b83f34706618e,https://c4.staticflickr.com/9/8390/8684830398_a1a86d0124_z.jpg
5dcb27a38a6a75a7,https://c2.staticflickr.com/4/3870/15129416387_c188a830b3_z.jpg
1a823ca009bcb4fe,https://c3.staticflickr.com/8/7122/7658877500_2cc4eb96c3_z.jpg
397e4bd6a9473e73,https://c2.staticflickr.com/8/7357/9052231585_eb82a1b667_z.jpg
0d5d8c223fdc999b,https://c4.staticflickr.com/6/5607/15620657536_a7cd72c75a_z.jpg
61b7593e29f5628d,https://c2.staticflickr.com/8/7780/18128187040_5078210622_z.jpg
537dcc25e45ab49b,https://c7.staticflickr.com/4/3768/12770823743_7b846f3e54_z.jpg
b0a35a5ad8463c09,https://c6.staticflickr.com/1/433/18736650381_0534023b0c_z.jpg
e24f0ee2c6006613,https://c3.staticflickr.com/9/8778/17522476924_80fe67b4df_z.jpg
090c447cbdb6ba14,https://c7.staticflickr.com/7/6046/6368944191_06b4309741_z.jpg
1496d5e18600f235,https://c2.staticflickr.com/8/7076/7386954098_b68d15a1eb_z.jpg
0f13e1b2ecbc6616,https://c7.staticflickr.com/6/5693/20647017638_0a37bc83c2_z.jpg
096979da60410390,https://c3.staticflickr.com/9/8668/16488399202_1cbdda5fdc_z.jpg
b9738e52e54c6a40,https://c4.staticflickr.com/9/8377/8470046861_8970809bda_z.jpg
a331a3b829ba7c7c,https://c1.staticflickr.com/8/7426/16591790921_be77c8ccf0_z.jpg
775111e7129d301a,https://c3.staticflickr.com/8/7380/8937794814_95e502fcf2_z.jpg
09cb86a7bf94fad2,https://c4.staticflickr.com/3/2502/3816893830_0c4532843f_z.jpg
2ca4bfdc74e8f209,https://c7.staticflickr.com/6/5067/5650663368_143cd6fa0d_z.jpg
8ee8c20d60d460b9,https://c2.staticflickr.com/5/4073/4860403802_c4b1842404_z.jpg
ef930e99ec188f8a,https://c7.staticflickr.com/9/8225/8456960260_931f3bda89_z.jpg
2a9842a8f037277b,https://c5.staticflickr.com/6/5108/5579748955_71635f86f7_z.jpg
c2fd4aaf44e31038,https://c5.staticflickr.com/4/3061/3506153412_ec5fc23f06_z.jpg
2fbc6689e88fe87d,https://c4.staticflickr.com/4/3908/14597037418_22d5f5798f_z.jpg
13513964ab2b10e9,https://c1.staticflickr.com/8/7602/16311838494_cb1be38394_z.jpg
415b5e3552e3cd88,https://c8.staticflickr.com/8/7163/6649359961_15151c7501_z.jpg
5810e9f965965308,https://c7.staticflickr.com/8/7161/6805184123_452036138a_z.jpg
8746983ae7af1735,https://c5.staticflickr.com/8/7101/7101667339_d13e52e46f_z.jpg
889ccd090e423903,https://c4.staticflickr.com/1/624/20771285871_341cb0a21c_z.jpg
5366b3846fed674b,https://c5.staticflickr.com/8/7443/13702187203_4741c9547a_z.jpg
0855ac7e32d300fc,https://c5.staticflickr.com/8/7717/16886843110_1d626e6a38_z.jpg
7b085cb688c14c88,https://c8.staticflickr.com/5/4009/4427541893_5d1b9b409e_z.jpg?zz=1
4d63523841984514,https://c1.staticflickr.com/3/2539/4199724497_b4b6d5451c_z.jpg
1e8d82297ee2155d,https://c3.staticflickr.com/4/3687/9962047256_0f4fdf1574_z.jpg
c03bc48a33ed85e5,https://c3.staticflickr.com/8/7044/8691015290_5da26a45b6_z.jpg
021c14713d442260,https://c1.staticflickr.com/3/2844/8751569724_742d62cc99_z.jpg
0b20d1a5fd3f3657,https://c7.staticflickr.com/6/5613/15206590264_9653a298ec_z.jpg
08b3948cdb3de90e,https://c4.staticflickr.com/5/4129/5070551982_902a485c32_z.jpg
b3c4478f2251a321,https://c8.staticflickr.com/5/4098/4939987051_6158749868_z.jpg
7a90520bce1778d5,https://c8.staticflickr.com/4/3123/2284016916_aebfa0235f_z.jpg
084ec603280523d5,https://c2.staticflickr.com/4/3866/15129414347_bb885ceef4_z.jpg
382d2137b3cb3388,https://c2.staticflickr.com/1/184/416459857_49e3441daa_z.jpg
0c246183d0f409a5,https://c3.staticflickr.com/4/3432/3315232740_3ce80b0d28_z.jpg
35edcc350d24b9d8,https://c5.staticflickr.com/3/2847/12904484503_24f60939f4_z.jpg
6cf5f8f504d2457c,https://c8.staticflickr.com/4/3792/9847256856_6f7f071ca1_z.jpg
68f3fbf2eb161f17,https://c3.staticflickr.com/4/3245/3287087724_7f1033f8b5_z.jpg
23e09c1f641d47b6,https://c2.staticflickr.com/5/4044/4621960073_d914da6d40_z.jpg
3c4eba7663755f69,https://c4.staticflickr.com/9/8220/8327046021_5fa6529ce9_z.jpg
20c1028d30ca1e23,https://c2.staticflickr.com/8/7612/16906945756_4f33c5dc09_z.jpg
688d2f1ceae03c44,https://c4.staticflickr.com/4/3625/3517141434_988a0a8df4_z.jpg?zz=1
1d0369eb5a157cf5,https://c1.staticflickr.com/6/5575/15313101892_2cf15a1303_z.jpg
0a40dd9c08abcd9e,https://c8.staticflickr.com/8/7517/15829055931_8176930754_z.jpg
213976076b1a9f94,https://c1.staticflickr.com/9/8619/16168837699_8fdbcf2937_z.jpg
0cccda8260beace9,https://c3.staticflickr.com/4/3777/12105002273_4dedca637a_z.jpg
3ac72c0512b7f7e1,https://c8.staticflickr.com/6/5543/9335540293_ae43095c16_z.jpg
0831b99204fe2ca2,https://c7.staticflickr.com/3/2811/10256488553_fb436937e8_z.jpg
e27823f4f038d754,https://c2.staticflickr.com/3/2798/4252193303_d24a9c1a39_z.jpg?zz=1
cc4520582dbe515d,https://c6.staticflickr.com/9/8444/7967846418_63345a1a23_z.jpg
5a268ec6347ca3ee,https://c5.staticflickr.com/6/5553/14594074750_b63680a4a3_z.jpg
0fdad8deef09af70,https://c3.staticflickr.com/4/3809/9175923690_cd02188ec2_z.jpg
07288a111220d0d0,https://c6.staticflickr.com/3/2937/14576054799_c046b4d836_z.jpg
00d7400989d15a1e,https://c7.staticflickr.com/8/7012/6737334637_bac50ccb5e_z.jpg
a46d3dcaf6193bad,https://c3.staticflickr.com/4/3011/2283232287_cc6632715f_z.jpg
0c824c9b922a2410,https://c3.staticflickr.com/9/8510/8590176188_cc1859b0b2_z.jpg
eef0672fe5868e9e,https://c8.staticflickr.com/4/3903/15129249320_ed20735ac1_z.jpg
0757c0e78c932673,https://c4.staticflickr.com/4/3836/14756820790_dd5600eeb5_z.jpg
650a6bd3490492b7,https://c6.staticflickr.com/6/5004/5284614837_3721987556_z.jpg
06dd5b829032cd66,https://c7.staticflickr.com/1/68/166400033_3553d330c1_z.jpg?zz=1
332003523dd11e96,https://c4.staticflickr.com/8/7786/18235006151_02fdbfe326_z.jpg
da46984805993584,https://c2.staticflickr.com/3/2948/15397150322_16587f1dcc_z.jpg
7e12bed9bc13bcdd,https://c2.staticflickr.com/8/7621/16590525828_0f53640539_z.jpg
4789ebecc1eff6ad,https://c7.staticflickr.com/8/7418/13952011637_ef2f184342_z.jpg
5e315ec11aabbb3d,https://c8.staticflickr.com/6/5728/20529529582_5c8f17718c_z.jpg
30e1bd3d3a5ad504,https://c7.staticflickr.com/6/5281/5214777876_7be00eb16b_z.jpg
04b24862012833df,https://c7.staticflickr.com/3/2935/13976781295_f17612f029_z.jpg
037f17c0cb63523f,https://c6.staticflickr.com/9/8122/8704335412_1c62c998c2_z.jpg
4cfc850863af9711,https://c7.staticflickr.com/5/4068/4465182150_83387826b3_z.jpg?zz=1
5e5d8e536317df70,https://c2.staticflickr.com/3/2843/12438135733_ef40c906bc_z.jpg
9e461c97dae46ecd,https://c8.staticflickr.com/4/3841/14233404678_1b0be3ffc3_z.jpg
2dd77ceea2ed72b3,https://c6.staticflickr.com/8/7431/10925591283_6d7cab12eb_z.jpg
8836d1752bdbd6de,https://c1.staticflickr.com/9/8595/15970744264_caa9776e22_z.jpg
21c7218314e4f8ab,https://c7.staticflickr.com/1/172/435958794_86c23cf52a_z.jpg
096699933b23a057,https://c1.staticflickr.com/6/5610/15644391585_f9b08ef62c_z.jpg
07031bb465ee876e,https://c7.staticflickr.com/4/3900/14174428579_b689329293_z.jpg
f4c0e1ac1b9f7e8b,https://c5.staticflickr.com/5/4094/4820388958_1ce3dd2cd8_z.jpg
3a04c1c3e9a39efd,https://c4.staticflickr.com/4/3757/9699613828_9c3cc3a7a5_z.jpg
166dcf85bed50b45,https://c4.staticflickr.com/3/2503/4125743304_ee8501b4f8_z.jpg
423bc2cff33d8ea5,https://c2.staticflickr.com/8/7336/9565708498_970e59edba_z.jpg
01b3fd4b8b49e014,https://c1.staticflickr.com/8/7553/15918759787_d00c8432a5_z.jpg
219bdc4cb0e41d2d,https://c3.staticflickr.com/4/3003/5824738742_291eb6ee21_z.jpg
0a3d67c8db6bb0c4,https://c4.staticflickr.com/8/7125/6963276888_cf3e803e57_z.jpg
6b2933380c8f0a1b,https://c5.staticflickr.com/9/8052/8119431527_f1dca50fb7_z.jpg
3e1448fcb130021b,https://c8.staticflickr.com/6/5109/5824174095_3eb14250d6_z.jpg
52c4c40ee56f1a1d,https://c6.staticflickr.com/1/74/155195113_ae4018917b_z.jpg
656c80e449515dd2,https://c4.staticflickr.com/8/7124/7118233917_510d751bc8_z.jpg
d3d730623a7d5af5,https://c7.staticflickr.com/6/5188/5562750037_20811ed589_z.jpg
546bf37ac4f64dbe,https://c5.staticflickr.com/8/7378/16432190312_3f84991b74_z.jpg
79f4a19a5b7e28cb,https://c4.staticflickr.com/5/4045/4319485489_41d6fdeea4_z.jpg
ac7bef2d327f89c7,https://c4.staticflickr.com/4/3360/3178150261_99587586f4_z.jpg?zz=1
08354a1cd7035bdf,https://c2.staticflickr.com/7/6188/6066096205_3279d5235e_z.jpg
0d0b3a301d3d3495,https://c1.staticflickr.com/5/4094/4940572138_9635b1520d_z.jpg
64cf3791811a8d33,https://c4.staticflickr.com/4/3859/14678867240_8cc7b62d7f_z.jpg
